sample_id,material,E_eff_MPa,sigma_y_MPa,source,measured_porosity,relative_density,porosity_pct,mat_key,E_s,E_norm
HEC_01TS60_02_20220608,HEC,163.00175662230015,7.257747004414339,Experimental,34.889765901130055,0.6511023409886995,,HEC,1001.5,0.16275762019201212
T20_02TS65_02_20220215,T20,140.42459357617074,6.627544439309625,Experimental,60.4455532520468,0.395544467479532,,HTB,1291.4,0.10873826357145015
BMA_02TS80_03_20220216,BMA,115.88006175334833,3.9308999475750137,Experimental,74.41423684950468,0.2558576315049532,,GPR,1916.9,0.06045180330395342
DUR_02TS75_03_20220215,DUR,48.48265536748275,3.020975737773364,Experimental,70.88884318609414,0.2911115681390587,,DUR,,
BMC_01TS75_01_20220211,BMC,138.37384994939904,5.821706511014335,Experimental,66.92937253713245,0.3307062746286755,,BMC,,
M12_01TS65_01_20220607,M12,107.53420460072465,5.003028231831374,Experimental,45.57060684946453,0.5442939315053547,,M12,,
ERB_01TS65_03_20220221,ERB,71.8515831686398,4.352645004293625,Experimental,61.26127471477214,0.3873872528522786,,ERB,,
DFT_01TS85_02_20220303,DFT,60.88600074880508,2.4966284900347113,Experimental,75.79222946244913,0.24207770537550877,,DFT,,
DFT_01TS80_01_20220303,DFT,82.14035864282724,3.144457732762816,Experimental,70.84681885527698,0.29153181144723017,,DFT,,
M12_01TS70_03_20220609,M12,66.80748050407692,3.9505169254578796,Experimental,59.249271250643034,0.4075072874935697,,M12,,
WHT_01TS80_03_20220303,WHT,108.1550822005285,2.931191231531753,Experimental,74.85726674857267,0.2514273325142733,,HEC,1001.5,0.10799309256168597
EGS_01TS60_01_20220301,EGS,39.39154784050658,4.304032406158243,Experimental,50.33092337557128,0.4966907662442872,,EGS,,
DFT_01TS55_03_20220303,DFT,222.41260309388466,8.422022466966544,Experimental,48.09188854845438,0.5190811145154562,,DFT,,
EGS_01TS60_02_20220301,EGS,32.92182272744563,4.464866800011389,Experimental,51.75244180181283,0.4824755819818717,,EGS,,
HIG_01TS70_03_20220609,HIG,72.81087860748103,2.819377965449685,Experimental,59.22818536926422,0.4077181463073578,,HIG,,
HIG_01TS55_03_20220609,HIG,175.03664215029335,8.657209794184512,Experimental,39.04670709649961,0.6095329290350039,,HIG,,
M12_01TS70_02_20220607,M12,71.57001732250376,4.0025299796493865,Experimental,58.94530093061685,0.4105469906938315,,M12,,
T20_02TS60_03_20220215,T20,160.1157775181566,7.442997654948487,Experimental,56.1151129695351,0.43884887030464903,,HTB,1291.4,0.12398619910032257
M12_01TS60_02_20220607,M12,100.35077662851208,6.046529489945088,Experimental,38.99549500397499,0.6100450499602501,,M12,,
GPR_02TS70_02_20220211,GPR,182.70251333913126,7.417927858784242,Experimental,59.54490625604977,0.4045509374395023,,GPR,1916.9,0.09531144730509221
T15_01TS75_02_20220303,T15,48.29586431831516,3.178371628887014,Experimental,69.75408629067881,0.3024591370932118,,T15,,
BMA_02TS60_02_20220216,BMA,272.07365969733354,12.130474250223564,Experimental,56.07356469942702,0.43926435300572986,,GPR,1916.9,0.14193419567913482
HEC_01TS75_03_20220609,HEC,47.52692878986871,2.8427027410366494,Experimental,62.273152330686464,0.37726847669313535,,HEC,1001.5,0.04745574517211055
F80_01TS80_01_20220211,F80,0.5229807062802393,0.43527378948663414,Experimental,69.38344784229199,0.3061655215770801,,F80,,
DFT_01TS65_02_20220303,DFT,140.09100527767893,5.691115722595402,Experimental,57.10669025733974,0.42893309742660257,,DFT,,
BMA_02TS85_02_20220216,BMA,75.11040633276447,2.33496462451703,Experimental,77.50582146064747,0.22494178539352527,,GPR,1916.9,0.03918326794969193
M12_01TS85_02_20220607,M12,8.380226392301678,0.5242132748429339,Experimental,90.06718523483657,0.09932814765163434,,M12,,
HEB_01TS70_03_20220607,HEB,24.890680980975237,2.8336932324461253,Experimental,72.42535326001816,0.27574646739981845,,HEB,,
HIG_01TS55_02_20220609,HIG,180.81878871353766,8.306615273395865,Experimental,35.02956241545452,0.6497043758454548,,HIG,,
BMC_01TS55_01_20220211,BMC,279.793207128712,10.916136368048154,Experimental,48.65543671242367,0.5134456328757633,,BMC,,
HIG_01TS55_01_20220609,HIG,224.3315920990688,10.696220062099803,Experimental,30.478926329548717,0.6952107367045128,,HIG,,
GPR_02TS75_03_20220211,GPR,152.25323464966306,5.769129232603395,Experimental,65.06232222900627,0.34937677770993725,,GPR,1916.9,0.07942680090232304
HTC_01TS85_01_20220607,HTC,55.52442568984172,2.2067640312849695,Experimental,78.63524537096983,0.2136475462903017,,HTC,,
WHT_01TS75_02_20220303,WHT,156.97177205109224,4.464826054981673,Experimental,67.71554527715547,0.32284454722844524,,HEC,1001.5,0.15673666705051648
EGS_01TS65_03_20220301,EGS,28.8059338969415,3.506374784623575,Experimental,58.05756385369062,0.4194243614630938,,EGS,,
T20_02TS85_02_20220215,T20,40.79218485853091,0.8453902889289854,Experimental,83.67897677360413,0.1632102322639587,,HTB,1291.4,0.03158756764637673
M12_01TS70_01_20220607,M12,66.9787803020303,3.657692650609141,Experimental,55.85883306573556,0.4414116693426444,,M12,,
HTB_01TS75_03_20220609,HTB,20.934698691323003,0.8526017544366655,Experimental,87.47823520731886,0.12521764792681145,,HTB,1291.4,0.016210855421498374
WHT_01TS65_02_20220303,WHT,242.35063051005676,7.078448366234259,Experimental,60.673556406735585,0.39326443593264415,,HEC,1001.5,0.241987649036502
M12_01TS65_02_20220607,M12,91.62526418380061,5.196484013912454,Experimental,45.89795950180046,0.5410204049819954,,M12,,
HIC_01TS55_02_20220608,HIC,164.47800879044362,7.47793206565801,Experimental,30.092592592592602,0.699074074074074,,HIC,873.9,0.1882114759016405
HEC_01TS60_03_20220609,HEC,142.26281977799565,6.208346621534813,Experimental,37.24343429540517,0.6275656570459482,,HEC,1001.5,0.14204974516025526
HTC_01TS70_02_20220607,HTC,164.65526025093547,5.906664485159795,Experimental,61.832621174845684,0.3816737882515432,,HTC,,
DUR_02TS70_03_20220215,DUR,60.850180878864215,3.726252774053887,Experimental,65.70614626417738,0.3429385373582262,,DUR,,
DFT_01TS55_01_20220303,DFT,200.20016149601207,7.515266925270512,Experimental,47.05620046318272,0.5294379953681728,,DFT,,
EGS_01TS70_02_20220301,EGS,15.331992257035381,2.711805690308257,Experimental,61.3637405805298,0.386362594194702,,EGS,,
ERB_01TS75_01_20220221,ERB,30.826615905592863,2.4189064014312978,Experimental,70.92467594528404,0.2907532405471597,,ERB,,
WHT_01TS60_01_20220303,WHT,301.7134585578519,7.705628783439551,Experimental,52.660258726602606,0.47339741273397395,,HEC,1001.5,0.30126156620853906
HEB_01TS80_01_20220607,HEB,12.94576800281199,1.4798613681070043,Experimental,76.0065169032177,0.23993483096782298,,HEB,,
HIC_01TS80_03_20220609,HIC,23.519771098903906,1.4092321526896852,Experimental,81.66666666666667,0.18333333333333324,,HIC,873.9,0.02691357260430702
T15_01TS85_01_20220303,T15,30.72610407170416,1.4158552437781962,Experimental,80.03828596672065,0.19961714033279354,,T15,,
GPR_01TS65_01_20220110,GPR,211.56568413999088,6.081114194969107,Experimental,60.50542806510699,0.3949457193489301,,GPR,1916.9,0.11036865988835666
RGD_02TS85_02_20220215,RGD,129.60717562911174,1.9684207181891746,Experimental,78.72332270819626,0.21276677291803736,,RGD,,
DFT_01TS70_03_20220303,DFT,121.68803977652135,4.759442031799355,Experimental,63.26040363066214,0.36739596369337857,,DFT,,
DUR_02TS80_03_20220215,DUR,38.12434244640581,2.4944881617187944,Experimental,79.97912905707516,0.2002087094292484,,DUR,,
M13_01TS70_01_20220221,M13,171.72899053796348,7.440463907736379,Experimental,53.60324374839847,0.46396756251601534,,M13,,
GPR_01TS85_01_20220110,GPR,72.46705375648027,2.338789260617596,Experimental,80.78807463775668,0.1921192536224332,,GPR,1916.9,0.037804295350034045
BMA_02TS75_02_20220216,BMA,176.06726633983706,5.619904204038174,Experimental,69.52093405438458,0.30479065945615413,,GPR,1916.9,0.09185000069896034
WHT_01TS85_01_20220303,WHT,57.59281285638318,1.5196703414775157,Experimental,78.13543398135437,0.21864566018645637,,HEC,1001.5,0.05750655302684292
T15_01TS55_03_20220303,T15,152.02592135905792,7.951690986072035,Experimental,49.40656751582978,0.5059343248417022,,T15,,
GPR_02TS80_03_20220211,GPR,119.16744402585236,4.403762207500661,Experimental,71.9780792542181,0.28021920745781903,,GPR,1916.9,0.062166750496036496
M13_01TS60_01_20220221,M13,240.4443986258837,11.212330607639425,Experimental,42.74151003120148,0.5725848996879852,,M13,,
HIC_01TS60_03_20220609,HIC,145.5770794317318,7.116255976125306,Experimental,33.75925925925928,0.6624074074074071,,HIC,873.9,0.1665832239749763
HEB_01TS75_01_20220607,HEB,39.313910834810535,3.7974796731852445,Experimental,72.57574333427328,0.2742425666572672,,HEB,,
EGS_01TS80_03_20220301,EGS,5.670690083187391,1.3428640308932358,Experimental,71.69038411567799,0.28309615884322015,,EGS,,
WHT_01TS55_01_20220303,WHT,355.38538936263205,9.849015944761918,Experimental,48.04220568042206,0.5195779431957794,,HEC,1001.5,0.3548531096980849
HTB_01TS65_03_20220609,HTB,86.25979658583667,3.994089822136345,Experimental,69.19138261767743,0.3080861738232257,,HTB,1291.4,0.06679556805469775
ERB_01TS75_03_20220221,ERB,27.529475241940656,2.208257026314214,Experimental,71.8117197300042,0.281882802699958,,ERB,,
M13_01TS80_02_20220221,M13,104.1085966012309,4.408426838816494,Experimental,64.003738148712,0.3599626185128799,,M13,,
HEC_01TS70_02_20220608,HEC,67.51890257758764,3.630883500394923,Experimental,52.23558873409095,0.47764411265909046,,HEC,1001.5,0.06741777591371706
HTC_01TS80_01_20220607,HTC,56.66410180976379,1.9909656716842368,Experimental,72.30350899909361,0.27696491000906387,,HTC,,
BMC_02TS85_02_20220221,BMC,72.09624546899538,2.6150486571272626,Experimental,74.4507400555042,0.25549259944495806,,BMC,,
M12_01TS80_01_20220607,M12,31.97275978691492,2.525528858661479,Experimental,75.6870508643669,0.243129491356331,,M12,,
T20_01TS85_01_20211129,T20,41.3627634161917,1.446992271685169,Experimental,86.20893214800238,0.1379106785199763,,HTB,1291.4,0.032029397100969255
M12_01TS55_03_20220609,M12,131.85721992585206,6.660046020960112,Experimental,38.46237782731371,0.6153762217268629,,M12,,
T15_01TS80_01_20220303,T15,43.96074249621867,1.9673253244929545,Experimental,75.85039022235313,0.24149609777646874,,T15,,
GPR_02TS70_03_20220211,GPR,180.7589863656546,7.3912358168011245,Experimental,59.85763428690562,0.40142365713094375,,GPR,1916.9,0.09429755666213918
RGD_02TS80_02_20220215,RGD,177.3039023328661,2.150670807594609,Experimental,73.13905727992234,0.26860942720077663,,RGD,,
HIC_01TS65_01_20220608,HIC,124.70100015046059,6.243839050267198,Experimental,35.77314814814816,0.6422685185185184,,HIC,873.9,0.1426948165127138
ERB_01TS80_01_20220221,ERB,18.754741012925383,1.8623048754841096,Experimental,74.4414909503614,0.255585090496386,,ERB,,
DFT_01TS60_01_20220303,DFT,158.1137398176232,6.929380921095223,Experimental,51.3154677138624,0.48684532286137605,,DFT,,
BMC_02TS60_03_20220221,BMC,247.3653426179961,9.808412308394614,Experimental,51.23438945420909,0.48765610545790916,,BMC,,
M13_01TS55_03_20220221,M13,262.87535979843506,12.559959243580327,Experimental,39.83389355320078,0.6016610644679922,,M13,,
HTC_01TS55_02_20220607,HTC,278.8257031653672,10.76217412265061,Experimental,40.55850489878717,0.5944149510121284,,HTC,,
ERB_01TS60_03_20220221,ERB,114.18213857642394,5.779648465970457,Experimental,60.1905501463473,0.398094498536527,,ERB,,
M13_01TS75_03_20220221,M13,136.35907138624282,5.757479931789659,Experimental,60.03798441433156,0.3996201558566844,,M13,,
HTB_01TS80_02_20220609,HTB,26.658372016190068,1.2365606531176252,Experimental,88.23520731887264,0.11764792681127356,,HTB,1291.4,0.020643001406372978
GPR_02TS60_02_20220211,GPR,262.1674371823086,9.879444656754965,Experimental,50.56514422718945,0.4943485577281055,,GPR,1916.9,0.1367663608859662
HIC_01TS60_02_20220608,HIC,172.04600107411028,7.9196211398357415,Experimental,32.32870370370373,0.6767129629629627,,HIC,873.9,0.19687149682356136
ERB_01TS55_03_20220221,ERB,138.95167024838884,7.078356622458736,Experimental,51.33803237560484,0.48661967624395164,,ERB,,
DFT_01TS65_01_20220303,DFT,143.55570967357775,5.103001963682824,Experimental,57.02901365094436,0.4297098634905564,,DFT,,
HIG_01TS70_01_20220609,HIG,75.19664347146976,3.822283952069754,Experimental,54.600033438207696,0.45399966561792304,,HIG,,
RGD_02TS80_03_20220215,RGD,176.92745423879282,1.7206180821681951,Experimental,73.56448862003106,0.26435511379968946,,RGD,,
EGS_01TS75_03_20220301,EGS,10.240503801573773,1.920361415970555,Experimental,66.77009614355806,0.33229903856441934,,EGS,,
T20_01TS65_01_20211129,T20,107.0039679988314,5.3885922418319545,Experimental,65.18078639446219,0.34819213605537813,,HTB,1291.4,0.0828588880275913
HTB_01TS65_01_20220609,HTB,87.84452812617634,4.00531494290563,Experimental,67.92976243175444,0.32070237568245563,,HTB,1291.4,0.06802271033465722
HIG_01TS60_02_20220609,HIG,160.46120798282334,8.136497488798817,Experimental,42.72187010776223,0.5727812989223777,,HIG,,
M13_01TS65_02_20220221,M13,204.52247777761596,9.083844794138285,Experimental,50.24343186168849,0.4975656813831151,,M13,,
HIC_01TS80_02_20220608,HIC,29.396672697693095,2.012873005939451,Experimental,73.99074074074075,0.26009259259259254,,HIC,873.9,0.03363848575087893
T15_01TS65_02_20220303,T15,91.99718327722333,4.544585664905485,Experimental,61.5019879251951,0.384980120748049,,T15,,
DFT_01TS65_03_20220303,DFT,145.36371671198037,5.559584290642764,Experimental,57.119636358405614,0.4288036364159439,,DFT,,
DUR_02TS55_03_20220215,DUR,101.03570192251297,5.7710105196707895,Experimental,50.99898692138354,0.4900101307861646,,DUR,,
T15_01TS70_02_20220303,T15,72.02267492361565,3.817658986445106,Experimental,64.04211456339272,0.35957885436607284,,T15,,
T15_01TS75_03_20220303,T15,49.76943481217595,3.313353166468402,Experimental,69.86010896775144,0.30139891032248556,,T15,,
ERB_01TS65_01_20220221,ERB,81.00203279802379,4.489720728468533,Experimental,60.42799115942896,0.3957200884057104,,ERB,,
ERB_01TS80_02_20220221,ERB,20.392659919003645,2.025831814231395,Experimental,75.18069410429484,0.24819305895705157,,ERB,,
HTB_01TS75_02_20220609,HTB,27.687391878475992,1.0854494804616024,Experimental,87.13294968275048,0.12867050317249518,,HTB,1291.4,0.02143982645073253
HEB_01TS60_02_20220607,HEB,55.34970919150071,4.791571781324363,Experimental,58.429676974653,0.41570323025347,,HEB,,
DUR_02TS65_02_20220215,DUR,65.7345728731936,4.703236017232036,Experimental,62.65319957648744,0.3734680042351256,,DUR,,
HIC_01TS55_03_20220609,HIC,145.10314493723584,6.564785220823965,Experimental,30.916666666666693,0.6908333333333331,,HIC,873.9,0.1660409027774755
RGD_02TS65_02_20220211,RGD,360.35490782447886,4.290735495070049,Experimental,60.29946278114562,0.3970053721885438,,RGD,,
HTC_01TS65_02_20220607,HTC,230.12199659165933,8.233567799989743,Experimental,48.379299926626075,0.5162070007337393,,HTC,,
HTC_01TS70_01_20220607,HTC,137.24540578672455,4.961115897489794,Experimental,59.18252837843669,0.40817471621563306,,HTC,,
HEB_01TS85_02_20220609,HEB,11.566612848140828,1.3204614151675442,Experimental,87.59125231068082,0.12408747689319188,,HEB,,
HIG_01TS65_01_20220609,HIG,110.56614598175422,5.27580568222549,Experimental,45.6674722234888,0.543325277765112,,HIG,,
HIG_01TS80_02_20220609,HIG,53.091260657644376,2.8903339506086256,Experimental,68.36137583025548,0.3163862416974452,,HIG,,
RGD_01TS60_01_20211122,RGD,318.7942721538873,6.229430960156695,Experimental,52.87549426050961,0.47124505739490385,,RGD,,
EGS_01TS75_01_20220301,EGS,9.479251127126714,2.182803525300595,Experimental,66.12812008009415,0.33871879919905856,,EGS,,
T15_01TS85_02_20220303,T15,32.156394256800915,1.0596369644676034,Experimental,81.99087026947429,0.1800912973052572,,T15,,
T20_02TS55_03_20220215,T20,179.51826778621603,8.69263584359696,Experimental,49.1577356899399,0.508422643100601,,HTB,1291.4,0.13901058369693048
HEB_01TS60_01_20220607,HEB,75.3348561476646,5.806169972464964,Experimental,57.43804242253346,0.42561957577466547,,HEB,,
HTB_01TS70_02_20220609,HTB,54.926331956679704,2.547664473016946,Experimental,77.20820422015639,0.22791795779843615,,HTB,1291.4,0.04253239271850681
DUR_02TS55_02_20220215,DUR,98.14102513833595,6.316590784914592,Experimental,51.71652079858017,0.4828347920141983,,DUR,,
GPR_01TS70_01_20220110,GPR,157.75019200320546,5.846715864220599,Experimental,65.96923351848818,0.3403076648151182,,GPR,1916.9,0.08229442954937943
M13_01TS65_03_20220221,M13,194.8459383692577,8.956169299103676,Experimental,50.87650543388149,0.4912349456611851,,M13,,
HTC_01TS75_02_20220607,HTC,96.38664071253581,3.5075987545228413,Experimental,68.49669817428459,0.31503301825715413,,HTC,,
T15_01TS60_03_20220303,T15,128.32868636705908,5.969424782983985,Experimental,54.760712707995886,0.45239287292004116,,T15,,
M13_01TS85_03_20220221,M13,55.76065077768543,2.756266612766808,Experimental,72.53666551105619,0.27463334488943814,,M13,,
GPR_01TS60_01_20220110,GPR,234.72397515399524,9.130865098099164,Experimental,54.75123229735968,0.45248767702640325,,GPR,1916.9,0.12244977575981805
WHT_01TS55_02_20220303,WHT,333.9541249305494,9.344329118282202,Experimental,48.70130808701308,0.5129869191298692,,HEC,1001.5,0.33345394401452766
WHT_01TS80_01_20220303,WHT,108.89256916780624,2.869644380056098,Experimental,73.4306569343066,0.26569343065693407,,HEC,1001.5,0.10872947495537319
HEC_01TS55_03_20220609,HEC,169.0397228622834,7.111356318843364,Experimental,32.597911020239955,0.6740208897976004,,HEC,1001.5,0.16878654304771185
T20_02TS65_03_20220215,T20,136.945680293193,6.582782111565028,Experimental,60.63108331283599,0.39368916687164013,,HTB,1291.4,0.10604435519064037
HTC_01TS65_03_20220609,HTC,215.52726304483588,7.919018868932928,Experimental,51.832189563641066,0.4816781043635894,,HTC,,
F80_01TS60_01_20220211,F80,1.1769411911646925,0.6711985410296571,Experimental,41.290583322106976,0.5870941667789302,,F80,,
ERB_01TS55_02_20220221,ERB,132.43953098957658,7.026511135574871,Experimental,50.78251000537604,0.49217489994623964,,ERB,,
BMC_02TS60_02_20220221,BMC,244.17830765722633,10.373182673130486,Experimental,50.56226873265495,0.49437731267345053,,BMC,,
HIC_01TS85_02_20220608,HIC,7.94722487899365,1.0182947232487423,Experimental,86.79629629629632,0.13203703703703684,,HIC,873.9,0.009093975144746138
ERB_01TS60_01_20220221,ERB,109.88724167233009,5.65757419826595,Experimental,56.52589451048324,0.43474105489516757,,ERB,,
HEB_01TS65_03_20220607,HEB,35.03820841260183,4.149294386188281,Experimental,69.58204091863271,0.30417959081367285,,HEB,,
BMA_01TS60_01_20211122,BMA,301.06006387014,12.989474458416083,Experimental,56.77377790274546,0.4322622209725454,,GPR,1916.9,0.1570556961083729
HEB_01TS80_03_20220607,HEB,12.560033134265787,1.4878340371168497,Experimental,78.57724723501582,0.21422752764984176,,HEB,,
HIG_01TS70_02_20220609,HIG,80.488958828032,3.4550322694972473,Experimental,57.345006307661905,0.42654993692338095,,HIG,,
DUR_02TS85_03_20220215,DUR,25.806545268122466,1.421015156564516,Experimental,86.88482134015828,0.1311517865984172,,DUR,,
GPR_02TS85_02_20220211,GPR,89.57744118424942,3.6228551105331808,Experimental,77.49102768387665,0.22508972316123343,,GPR,1916.9,0.046730367355756385
DFT_01TS75_02_20220303,DFT,110.76643674883582,4.269214564010555,Experimental,66.22506077475224,0.3377493922524777,,DFT,,
HIC_01TS70_02_20220608,HIC,89.38852010438,4.32426568634488,Experimental,51.574074074074105,0.48425925925925895,,HIC,873.9,0.10228689793383683
HEB_01TS65_02_20220607,HEB,32.27557740037877,3.259263195099945,Experimental,68.54340946830844,0.31456590531691564,,HEB,,
M13_01TS60_03_20220221,M13,236.46553321460772,10.963108101774957,Experimental,45.680780187811806,0.5431921981218819,,M13,,
RGD_02TS60_02_20220211,RGD,413.57909795493543,5.615394727636821,Experimental,55.18278855551366,0.4481721144448634,,RGD,,
DUR_02TS75_02_20220215,DUR,50.3475811296561,2.8718108823314994,Experimental,72.08168612844008,0.2791831387155992,,DUR,,
DUR_02TS70_02_20220215,DUR,59.631579110014414,3.962863209130921,Experimental,66.79844305812634,0.33201556941873667,,DUR,,
HIC_01TS75_01_20220608,HIC,53.337228907444455,3.26457812788342,Experimental,59.296296296296305,0.407037037037037,,HIC,873.9,0.06103356094226394
EGS_01TS55_02_20220301,EGS,52.38397104544849,5.188318817891339,Experimental,46.30023080567997,0.5369976919432002,,EGS,,
WHT_01TS65_03_20220303,WHT,250.0702397085034,6.59150478593974,Experimental,60.89036640890369,0.39109633591096316,,HEC,1001.5,0.24969569616425702
WHT_01TS70_03_20220303,WHT,207.4043662220859,6.15113682212947,Experimental,62.689889426898915,0.37310110573101085,,HEC,1001.5,0.20709372563363546
HIC_01TS65_02_20220608,HIC,102.54916747159314,5.159454607105505,Experimental,39.55092592592594,0.6044907407407406,,HIC,873.9,0.11734656994117536
T15_01TS80_03_20220303,T15,44.42639567027801,2.3692158139335717,Experimental,76.55279045795905,0.23447209542040948,,T15,,
HIC_01TS85_01_20220608,HIC,13.73854803435541,1.5908362579816198,Experimental,84.74074074074079,0.15259259259259206,,HIC,873.9,0.015720961247688993
HEB_01TS70_02_20220607,HEB,30.90912011533837,3.0256692413950192,Experimental,70.71936585518688,0.2928063414481312,,HEB,,
BMC_01TS85_01_20220211,BMC,69.62821812976637,2.602186719468872,Experimental,78.23149872255661,0.21768501277443386,,BMC,,
BMC_01TS60_01_20220211,BMC,242.5936167858385,10.26534703938642,Experimental,52.1759840644351,0.478240159355649,,BMC,,
BMA_02TS55_02_20220216,BMA,284.26519036808315,15.77035133896565,Experimental,48.7069942153927,0.512930057846073,,GPR,1916.9,0.14829422002612716
M12_01TS80_03_20220609,M12,12.637720832466803,1.5770357005492954,Experimental,84.5162195445122,0.15483780455487806,,M12,,
EGS_01TS80_02_20220301,EGS,3.4525536248740716,1.3863455885481368,Experimental,70.50731394158018,0.29492686058419826,,EGS,,
RGD_02TS75_02_20220215,RGD,227.69468361642006,3.1463001636429238,Experimental,68.48614154215666,0.31513858457843336,,RGD,,
GPR_02TS60_03_20220211,GPR,244.58600351998436,9.879384213796977,Experimental,53.58073595329926,0.46419264046700737,,GPR,1916.9,0.1275945555427953
ERB_01TS85_02_20220221,ERB,19.235702925789074,1.3350950870319642,Experimental,82.98488740218623,0.17015112597813764,,ERB,,
DUR_02TS60_03_20220215,DUR,86.11339728924906,5.799856921370781,Experimental,55.139660123549874,0.4486033987645013,,DUR,,
HIG_01TS75_01_20220609,HIG,73.24745268580445,3.702522976681478,Experimental,59.62488410621193,0.4037511589378807,,HIG,,
M13_01TS80_03_20220221,M13,102.79671071889874,4.660670683076462,Experimental,64.69107516995008,0.35308924830049915,,M13,,
HEC_01TS65_02_20220608,HEC,112.10677183604025,5.070252673838435,Experimental,40.59562867513035,0.5940437132486964,,HEC,1001.5,0.11193886354072916
HEB_01TS85_01_20220609,HEB,19.49407465603835,1.551501114228192,Experimental,83.24403922674438,0.16755960773255618,,HEB,,
BMA_02TS70_03_20220216,BMA,208.7861441246605,8.668713923965223,Experimental,60.52462757666175,0.3947537242333825,,GPR,1916.9,0.10891864162171239
HEB_01TS55_01_20220607,HEB,81.17392029979989,4.8874386300482,Experimental,53.659491806874094,0.46340508193125907,,HEB,,
T20_02TS70_03_20220215,T20,110.9398397424421,4.737652885113782,Experimental,64.85610878808107,0.3514389121191893,,HTB,1291.4,0.08590664375285899
HIG_01TS65_03_20220609,HIG,116.39365042479317,5.711706803506553,Experimental,49.71197543811652,0.5028802456188348,,HIG,,
BMA_02TS85_01_20220216,BMA,85.52434119274996,2.2655998541940607,Experimental,77.91120805204237,0.2208879194795763,,GPR,1916.9,0.04461596389626478
ERB_01TS70_01_20220221,ERB,53.957147933127175,3.3259285397456035,Experimental,64.78704975807896,0.35212950241921037,,ERB,,
BMC_02TS80_02_20220221,BMC,105.30335492098568,3.793874142807382,Experimental,70.15783996299724,0.2984216003700275,,BMC,,
T20_02TS75_02_20220215,T20,97.32081350757396,3.9987428505629166,Experimental,70.50212586527988,0.29497874134720126,,HTB,1291.4,0.07536070428029576
HTC_01TS80_03_20220609,HTC,45.22745048277247,1.4790088255812692,Experimental,76.90880055246234,0.23091199447537658,,HTC,,
EGS_01TS55_01_20220301,EGS,58.94710672723005,5.106648508925037,Experimental,43.48470721305965,0.5651529278694035,,EGS,,
RGD_01TS75_01_20211122,RGD,212.74794809743207,2.9239831389569964,Experimental,68.3443310954538,0.3165566890454621,,RGD,,
T20_02TS55_02_20220215,T20,195.71082791227187,9.224699552360617,Experimental,47.57229698865034,0.5242770301134966,,HTB,1291.4,0.15154934792649208
EGS_01TS65_01_20220301,EGS,24.20631455813155,3.8508553922778286,Experimental,54.966907662442885,0.4503309233755711,,EGS,,
BMC_02TS80_03_20220221,BMC,100.3068655922719,4.083353547534576,Experimental,70.55243987049032,0.29447560129509687,,BMC,,
EGS_01TS65_02_20220301,EGS,22.50646950215069,3.433872377177879,Experimental,57.57608180609266,0.4242391819390734,,EGS,,
DUR_02TS85_02_20220215,DUR,26.669568516385542,1.5437116629347414,Experimental,85.65541616203161,0.14344583837968383,,DUR,,
HEC_01TS85_02_20220608,HEC,16.600730974369245,1.4229759099315809,Experimental,82.57651403483747,0.17423485965162522,,HEC,1001.5,0.016575867173608833
ERB_01TS70_03_20220221,ERB,56.73625445346774,2.945298456025477,Experimental,66.52977719371603,0.33470222806283967,,ERB,,
DUR_02TS60_02_20220215,DUR,81.574152975583,5.371987158132423,Experimental,55.4458688482134,0.445541311517866,,DUR,,
RGD_01TS70_01_20211122,RGD,250.3917188676537,4.578400261884425,Experimental,64.473289171942,0.35526710828058006,,RGD,,
T15_01TS80_02_20220303,T15,45.60895271145049,2.806248081999856,Experimental,76.08452363422178,0.2391547636577822,,T15,,
DFT_01TS70_02_20220303,DFT,126.36793210205138,5.014900955721965,Experimental,63.0791582157396,0.36920841784260405,,DFT,,
EGS_01TS70_03_20220301,EGS,15.759593469920267,2.5416992387658293,Experimental,63.68861103893128,0.36311388961068725,,EGS,,
M12_01TS80_02_20220607,M12,23.318018809044627,2.124978233095372,Experimental,77.8008137051644,0.22199186294835593,,M12,,
BMC_01TS65_01_20220211,BMC,206.85296543999542,8.572869201681362,Experimental,58.46360368942969,0.4153639631057031,,BMC,,
WHT_01TS60_02_20220303,WHT,296.17764477788745,7.8699623928248155,Experimental,55.22295295222954,0.4477704704777046,,HEC,1001.5,0.295734043712319
RGD_01TS55_01_20211122,RGD,407.1455010337066,7.788533316021201,Experimental,49.337898522488445,0.5066210147751156,,RGD,,
T15_01TS70_03_20220303,T15,73.6950633065819,3.961812742901243,Experimental,64.14371962892062,0.35856280371079374,,T15,,
M12_01TS75_01_20220607,M12,44.00295871481973,2.9307160527414964,Experimental,63.9491200448941,0.36050879955105897,,M12,,
HEB_01TS60_03_20220607,HEB,49.181000042920274,3.3188437615985276,Experimental,62.69699533164144,0.37303004668358564,,HEB,,
ERB_01TS75_02_20220221,ERB,35.18790586524269,2.5289514411575706,Experimental,70.97395615554628,0.2902604384445372,,ERB,,
HTB_01TS55_01_20220609,HTB,137.21368226386195,6.173921658614049,Experimental,60.492843441050624,0.39507156558949375,,HTB,1291.4,0.10625188343182743
GPR_02TS55_02_20220211,GPR,298.8430682906276,10.917393797441997,Experimental,45.07006597072267,0.5492993402927733,,GPR,1916.9,0.15589914356024184
T20_02TS85_03_20220215,T20,48.70574492047638,1.388174797531186,Experimental,83.17298569872446,0.16827014301275545,,HTB,1291.4,0.03771545990434906
DUR_02TS80_02_20220215,DUR,40.63248329460344,2.2833846549128896,Experimental,79.67292033241165,0.20327079667588355,,DUR,,
ERB_01TS80_03_20220221,ERB,18.763581692459635,1.7845447401973162,Experimental,75.49877546144198,0.2450122453855802,,ERB,,
HIG_01TS60_01_20220609,HIG,160.21679920579993,7.607751127024066,Experimental,40.03161430547322,0.5996838569452678,,HIG,,
HIC_01TS55_01_20220608,HIC,166.44708147567965,8.661568702860158,Experimental,27.921296296296315,0.7207870370370368,,HIC,873.9,0.1904646772807869
M13_01TS55_02_20220221,M13,259.15307850518724,12.965963227097086,Experimental,38.78480020499524,0.6121519979500476,,M13,,
ERB_01TS55_01_20220221,ERB,124.36023449671342,7.144378141667976,Experimental,49.21898333432889,0.5078101666567111,,ERB,,
HTC_01TS60_02_20220607,HTC,277.3014670195901,11.310153217789603,Experimental,43.89054339850661,0.5610945660149339,,HTC,,
M13_01TS85_01_20220221,M13,57.828129738669126,2.7869994283922357,Experimental,70.24403478890011,0.2975596521109989,,M13,,
BMA_02TS55_03_20220216,BMA,154.41213389834863,14.509091372636027,Experimental,50.172937646901474,0.4982706235309853,,GPR,1916.9,0.08055304601092839
BMA_01TS75_01_20211122,BMA,164.82055645210372,5.81494121707377,Experimental,66.88387380329058,0.33116126196709417,,GPR,1916.9,0.0859828663217193
T15_01TS60_01_20220303,T15,132.49206994005272,6.116948774017245,Experimental,53.4398468561331,0.465601531438669,,T15,,
WHT_01TS65_01_20220303,WHT,246.77648202747267,6.465356554932951,Experimental,60.3960396039604,0.39603960396039595,,HEC,1001.5,0.24640687171989284
HEC_01TS55_02_20220608,HEC,190.09624337648702,7.408948841507345,Experimental,28.889100217139763,0.7111089978286024,,HEC,1001.5,0.189811526087356
RGD_02TS65_03_20220211,RGD,339.2136972569872,5.7721028102687235,Experimental,60.98935144078137,0.3901064855921863,,RGD,,
GPR_02TS80_02_20220211,GPR,114.96778405477563,4.345307391094608,Experimental,71.38836353888995,0.28611636461110057,,GPR,1916.9,0.05997589026802422
HIC_01TS65_03_20220609,HIC,119.29481571342042,5.2988549566512635,Experimental,41.24537037037038,0.5875462962962962,,HIC,873.9,0.13650854298365994
HIC_01TS75_03_20220609,HIC,60.54263148302664,3.2284977294838195,Experimental,60.54166666666669,0.39458333333333306,,HIC,873.9,0.06927867202543385
HTB_01TS65_02_20220609,HTB,82.22617757513873,3.79422627700459,Experimental,69.06300723033792,0.30936992769662086,,HTB,1291.4,0.06367212139936404
BMC_01TS70_01_20220211,BMC,167.06712603110049,7.609535813292523,Experimental,62.57307409171609,0.37426925908283915,,BMC,,
HTC_01TS85_02_20220607,HTC,30.168617534452697,0.9685182608787873,Experimental,84.31524882385946,0.15684751176140532,,HTC,,
BMA_02TS65_03_20220216,BMA,288.60585286284436,4.745792177010053,Experimental,60.38130908475448,0.39618690915245525,,GPR,1916.9,0.15055863783339993
T20_02TS80_03_20220215,T20,76.33360191248173,3.3988410958347925,Experimental,74.13682841983203,0.25863171580167976,,HTB,1291.4,0.059109185312437446
HEC_01TS75_02_20220608,HEC,49.293082194665175,2.854490736852195,Experimental,60.128698904791335,0.39871301095208667,,HEC,1001.5,0.04921925331469314
GPR_01TS55_01_20220110,GPR,266.24244248438055,10.453561013869825,Experimental,50.355169692186266,0.49644830307813737,,GPR,1916.9,0.13889219181197796
HTC_01TS55_03_20220609,HTC,279.1787573531737,10.62451636517041,Experimental,41.91808019336184,0.5808191980663816,,HTC,,
EGS_01TS55_03_20220301,EGS,49.58933096959634,4.726908069992802,Experimental,47.11187197163077,0.5288812802836923,,EGS,,
BMC_02TS55_03_20220221,BMC,279.10602331243547,10.701829384468905,Experimental,45.3977798334875,0.546022201665125,,BMC,,
HEC_01TS60_01_20220608,HEC,156.89051923843735,6.939001605131478,Experimental,33.38246715166498,0.6661753284833501,,HEC,1001.5,0.15665553593453554
HTC_01TS75_01_20220607,HTC,87.9869102857255,3.0544395497282597,Experimental,66.29979714273382,0.3370020285726618,,HTC,,
M12_01TS75_02_20220607,M12,39.58449889727942,3.0940566706740924,Experimental,66.36685320571776,0.3363314679428224,,M12,,
BMA_02TS65_02_20220216,BMA,289.30556038155845,6.271071301187335,Experimental,60.49596387828029,0.3950403612171971,,GPR,1916.9,0.1509236581885119
HEB_01TS75_02_20220607,HEB,43.779744372345654,3.700914222594297,Experimental,73.19610239057556,0.26803897609424443,,HEB,,
ERB_01TS85_03_20220221,ERB,18.863516406775023,1.4360477789351163,Experimental,83.02968759333373,0.16970312406666266,,ERB,,
HTC_01TS55_01_20220607,HTC,323.52471331149525,13.576722048153892,Experimental,38.08968880832146,0.6191031119167854,,HTC,,
BMC_02TS75_03_20220221,BMC,143.26832035427375,6.37710767759273,Experimental,64.26052266419983,0.35739477335800174,,BMC,,
HTB_01TS60_02_20220609,HTB,115.71085292718588,5.129471661927627,Experimental,63.3436623874871,0.366563376125129,,HTB,1291.4,0.08960109410499138
BMC_02TS70_02_20220221,BMC,191.19207249986374,7.22019681676401,Experimental,56.83250462534689,0.4316749537465311,,BMC,,
HTB_01TS75_01_20220609,HTB,34.25134421582009,1.5007754410749092,Experimental,86.83193153312675,0.1316806846687325,,HTB,1291.4,0.026522645358386315
HIG_01TS80_01_20220609,HIG,51.73591235772875,2.937118688934131,Experimental,65.29266031340721,0.34707339686592786,,HIG,,
F80_01TS85_01_20220211,F80,0.3241501684486463,0.2561498860966498,Experimental,75.41425299744041,0.24585747002559588,,F80,,
BMA_01TS80_01_20211122,BMA,95.35285545206618,3.6267677127243934,Experimental,74.99979525929726,0.2500020474070275,,GPR,1916.9,0.0497432601867944
DFT_01TS80_03_20220303,DFT,89.41544937854242,3.1685464101982874,Experimental,71.73578446180181,0.2826421553819819,,DFT,,
F80_01TS75_01_20220211,F80,0.7549415438824439,0.6005110413314232,Experimental,59.423413714131755,0.40576586285868244,,F80,,
EGS_01TS85_03_20220301,EGS,1.806278563741123,0.8377181482426176,Experimental,77.917551931278,0.22082448068722005,,EGS,,
EGS_01TS85_01_20220301,EGS,1.5424746127714342,1.0676850522576267,Experimental,76.17045992999404,0.2382954007000596,,EGS,,
T15_01TS65_01_20220303,T15,90.01439305194741,5.316643535054978,Experimental,60.799587689589174,0.39200412310410826,,T15,,
T15_01TS75_01_20220303,T15,49.95266609760844,3.107711112652169,Experimental,68.64084818141656,0.3135915181858344,,T15,,
EGS_01TS70_01_20220301,EGS,18.423307263492305,3.270797546359651,Experimental,58.163031349831115,0.4183696865016888,,EGS,,
DFT_01TS70_01_20220303,DFT,122.57080660288688,4.950981448310638,Experimental,62.513845135862134,0.37486154864137866,,DFT,,
EGS_01TS85_02_20220301,EGS,1.8668235828708468,0.822022946928525,Experimental,76.89497577304616,0.2310502422695384,,EGS,,
T20_02TS60_02_20220215,T20,162.85969297156814,7.265932707867634,Experimental,55.1368635581011,0.448631364418989,,HTB,1291.4,0.12611095940186473
WHT_01TS85_02_20220303,WHT,55.34105268140161,1.1922202118230925,Experimental,78.90294138902942,0.21097058610970576,,HEC,1001.5,0.05525816543325173
HEC_01TS75_01_20220608,HEC,41.90409403475684,2.6722034102672882,Experimental,55.6923905980061,0.44307609401993897,,HEC,1001.5,0.04184133203670178
HEB_01TS80_02_20220607,HEB,17.22277058339632,1.079979392763647,Experimental,76.80076448287747,0.2319923551712253,,HEB,,
HTB_01TS55_03_20220609,HTB,131.44123242488863,5.9375875342021045,Experimental,62.21484432639812,0.3778515567360188,,HTB,1291.4,0.10178196718668779
WHT_01TS75_01_20220303,WHT,156.70972425187273,4.070241743005223,Experimental,67.242899472429,0.3275710052757099,,HEC,1001.5,0.15647501173427134
WHT_01TS75_03_20220303,WHT,155.2457202051685,4.429900278980434,Experimental,68.751897087519,0.31248102912481,,HEC,1001.5,0.15501320040456168
M13_01TS55_01_20220221,M13,272.91998148903923,13.047428461741616,Experimental,36.77705259032603,0.6322294740967397,,M13,,
ERB_01TS65_02_20220221,ERB,76.53695900590854,4.741365270006664,Experimental,60.64303207693689,0.39356967923063113,,ERB,,
F80_01TS55_01_20220211,F80,1.5357833457944798,0.9833900618076011,Experimental,34.46046073016299,0.65539539269837,,F80,,
HIG_01TS75_03_20220609,HIG,50.12201600262784,2.599309742602482,Experimental,61.795327770431484,0.38204672229568515,,HIG,,
HEC_01TS85_01_20220608,HEC,10.159565902887579,1.0021770283566567,Experimental,82.56224937790245,0.1743775062209756,,HEC,1001.5,0.01014434937881935
HEB_01TS75_03_20220607,HEB,41.67546989296089,2.826573915465913,Experimental,73.4545853307015,0.26545414669298495,,HEB,,
T20_01TS55_01_20211129,T20,190.49628266394092,8.052765643229694,Experimental,52.94423556695595,0.47055764433044045,,HTB,1291.4,0.14751144700630395
RGD_02TS70_03_20220215,RGD,286.1298394593771,4.665027972744312,Experimental,64.69941934371148,0.35300580656288516,,RGD,,
WHT_01TS55_03_20220303,WHT,331.6209771681257,9.504842948590325,Experimental,49.4081086940811,0.505918913059189,,HEC,1001.5,0.33112429073202765
DFT_01TS85_03_20220303,DFT,63.74747047125916,2.4610623964472786,Experimental,76.10293588803063,0.23897064111969368,,DFT,,
BMC_02TS85_03_20220221,BMC,68.13435519999474,2.7321908873937626,Experimental,74.69357076780759,0.2530642923219242,,BMC,,
GPR_02TS55_03_20220211,GPR,300.91796649852375,10.515139435997638,Experimental,44.891364238805075,0.5510863576119492,,GPR,1916.9,0.15698156737363647
M12_01TS55_01_20220607,M12,143.52025019635897,7.028492801126064,Experimental,33.81864663060592,0.6618135336939408,,M12,,
GPR_02TS65_03_20220211,GPR,211.43551547109507,8.424283141529163,Experimental,57.85617488942827,0.4214382511057173,,GPR,1916.9,0.11030075406703274
HEB_01TS70_01_20220607,HEB,70.66848347401793,5.45224569229428,Experimental,69.64313688629883,0.3035686311370117,,HEB,,
M13_01TS70_02_20220221,M13,169.27654689795173,7.602107805491156,Experimental,54.13683433067542,0.4586316566932458,,M13,,
HEC_01TS85_03_20220609,HEC,7.405209408303178,0.4633428650650846,Experimental,88.53438574802277,0.1146561425197723,,HEC,1001.5,0.007394118230956743
RGD_02TS55_03_20220211,RGD,482.64935128453084,7.717257576821117,Experimental,50.207924776584676,0.4979207522341532,,RGD,,
BMC_02TS75_02_20220221,BMC,150.26291086067974,5.517105843239303,Experimental,63.627428307123054,0.3637257169287694,,BMC,,
M13_01TS70_03_20220221,M13,176.00598716659175,7.767957345849547,Experimental,55.330630209667916,0.4466936979033208,,M13,,
T20_02TS80_02_20220215,T20,70.22237379837051,2.779585451991834,Experimental,73.47482343019783,0.26525176569802167,,HTB,1291.4,0.05437693495305135
HIG_01TS65_02_20220609,HIG,116.76450371269932,5.929264754754797,Experimental,46.49278798656392,0.5350721201343609,,HIG,,
T20_02TS70_02_20220215,T20,112.79252493758167,4.91294447898079,Experimental,64.33746793632945,0.3566253206367055,,HTB,1291.4,0.08734127686044732
EGS_01TS80_01_20220301,EGS,5.16475744575283,1.3153716593860456,Experimental,68.8565183498158,0.311434816501842,,EGS,,
T15_01TS85_03_20220303,T15,30.506830924671508,1.4583119694936297,Experimental,81.99087026947429,0.1800912973052572,,T15,,
RGD_02TS85_03_20220215,RGD,135.41369429900774,1.9140876258155997,Experimental,79.25990277680187,0.2074009722319814,,RGD,,
HIC_01TS70_03_20220609,HIC,86.42303904230965,3.9937697982605695,Experimental,51.76851851851855,0.48231481481481453,,HIC,873.9,0.09889351074757942
HIC_01TS70_01_20220608,HIC,64.66283053856775,3.9457303288875383,Experimental,50.75462962962965,0.49245370370370356,,HIC,873.9,0.0739933980301725
BMA_01TS70_01_20211122,BMA,204.15389499702664,8.624308317606612,Experimental,64.66038977170048,0.35339610228299523,,GPR,1916.9,0.10650211017634026
M13_01TS60_02_20220221,M13,237.74005946647634,11.12600511156948,Experimental,45.57225328972159,0.5442774671027841,,M13,,
T15_01TS70_01_20220303,T15,69.9954137952807,3.9021018462744914,Experimental,63.167427477543804,0.368325725224562,,T15,,
ERB_01TS85_01_20220221,ERB,20.649400226679447,1.5017093387427611,Experimental,81.103279373992,0.18896720626008,,ERB,,
DFT_01TS75_01_20220303,DFT,99.46205499186036,3.788963961974718,Experimental,65.82804700873143,0.3417195299126857,,DFT,,
HIG_01TS60_03_20220609,HIG,145.20154955311116,7.084256286893824,Experimental,44.98350888392382,0.5501649111607618,,HIG,,
HTB_01TS70_03_20220609,HTB,42.062241163412544,1.9786038725197497,Experimental,79.32861148000589,0.20671388519994105,,HTB,1291.4,0.03257104008317527
RGD_02TS70_02_20220215,RGD,278.9908156793282,4.692611008688494,Experimental,64.05552326138478,0.3594447673861523,,RGD,,
M12_01TS60_01_20220607,M12,117.59230336904011,6.575537051645432,Experimental,38.95340680581752,0.6104659319418249,,M12,,
F80_01TS70_01_20220211,F80,0.642483661327704,0.4929913502142763,Experimental,55.48969419372221,0.44510305806277795,,F80,,
DFT_01TS60_03_20220303,DFT,155.7984000429288,5.737169478897731,Experimental,53.171075533307445,0.46828924466692556,,DFT,,
HIC_01TS60_01_20220608,HIC,172.91820477712312,7.988892007706125,Experimental,31.435185185185198,0.685648148148148,,HIC,873.9,0.19786955575823678
RGD_02TS55_02_20220211,RGD,477.3208774486421,7.137625260120562,Experimental,49.15009549847649,0.5084990450152351,,RGD,,
F80_01TS65_01_20220211,F80,0.7738371317022538,0.6073064892923237,Experimental,50.28514975975571,0.4971485024024429,,F80,,
HTB_01TS70_01_20220609,HTB,45.268657578399214,2.2454144696549356,Experimental,76.73011657075402,0.23269883429245974,,HTB,1291.4,0.03505393958370699
HIC_01TS80_01_20220608,HIC,29.6748780372425,2.2823870762714478,Experimental,71.20370370370371,0.28796296296296287,,HIC,873.9,0.03395683492074894
HTC_01TS60_03_20220609,HTC,254.57296270033927,9.80734915993716,Experimental,45.80689714704993,0.5419310285295007,,HTC,,
HEB_01TS55_02_20220607,HEB,69.87851875903608,5.667624459039328,Experimental,54.76861860450546,0.4523138139549454,,HEB,,
BMA_01TS65_01_20211122,BMA,251.01674186796765,10.664067646465572,Experimental,61.22893559403468,0.38771064405965316,,GPR,1916.9,0.13094931497103013
M13_01TS75_01_20220221,M13,143.45394630723595,6.275916451873235,Experimental,58.90749589255837,0.4109250410744163,,M13,,
GPR_02TS65_02_20220211,GPR,210.758070492869,8.47565641780375,Experimental,58.21804589656148,0.41781954103438523,,GPR,1916.9,0.10994734753657937
RGD_02TS60_03_20220211,RGD,397.82480625031855,6.651533817599829,Experimental,56.30577398480967,0.4369422601519033,,RGD,,
T15_01TS65_03_20220303,T15,94.34809510641401,4.968095979798922,Experimental,61.81122073332352,0.38188779266676476,,T15,,
BMC_02TS70_03_20220221,BMC,179.6469484609772,6.95484953284834,Experimental,58.597363552266415,0.4140263644773359,,BMC,,
T20_01TS75_01_20211129,T20,60.24703646450538,3.3418781951194454,Experimental,73.5591552760111,0.264408447239889,,HTB,1291.4,0.04665249842380779
DFT_01TS75_03_20220303,DFT,107.80362824640356,4.043281485396033,Experimental,66.84647362591522,0.33153526374084774,,DFT,,
RGD_01TS65_01_20211122,RGD,275.36800623306965,6.028352349668591,Experimental,59.50609082256446,0.4049390917743554,,RGD,,
HTB_01TS80_01_20220609,HTB,28.462392207976038,1.0856766812233247,Experimental,87.49151541980227,0.12508484580197732,,HTB,1291.4,0.0220399506024284
HIC_01TS75_02_20220608,HIC,51.90188418569788,3.04044781445783,Experimental,60.324074074074105,0.3967592592592589,,HIC,873.9,0.05939110216923891
HIG_01TS85_01_20220609,HIG,12.477672809387775,0.8843123158579479,Experimental,78.73481981365799,0.21265180186342003,,HIG,,
BMA_02TS70_02_20220216,BMA,225.40150117218113,5.881021560233191,Experimental,64.34099427544994,0.3565900572455005,,GPR,1916.9,0.11758646834586109
HIG_01TS80_03_20220609,HIG,20.13462407074346,1.8914847927915692,Experimental,77.06594926511939,0.22934050734880618,,HIG,,
HTC_01TS75_03_20220609,HTC,108.3292063375447,3.954278690088763,Experimental,69.15706331736374,0.3084293668263627,,HTC,,
RGD_01TS85_01_20211122,RGD,79.6598515879738,1.0568682587480502,Experimental,77.61950085277907,0.22380499147220934,,RGD,,
GPR_01TS80_01_20220110,GPR,94.8522514513783,3.1981173178902336,Experimental,75.51190600288898,0.24488093997111027,,GPR,1916.9,0.049482107283310706
M12_01TS60_03_20220609,M12,112.64286098348533,6.089633414029877,Experimental,41.56755155804276,0.5843244844195724,,M12,,
HTC_01TS60_01_20220607,HTC,290.89363385857774,11.78031955988814,Experimental,43.3553455047693,0.566446544952307,,HTC,,
DFT_01TS55_02_20220303,DFT,184.78271990023384,7.437592327562661,Experimental,47.11230023446829,0.5288769976553171,,DFT,,
WHT_01TS80_02_20220303,WHT,109.51855437026899,2.814687160174366,Experimental,74.06374214063743,0.25936257859362566,,HEC,1001.5,0.1093545225863894
DFT_01TS80_02_20220303,DFT,89.49363725904351,3.4891693188636674,Experimental,70.8942878925186,0.29105712107481396,,DFT,,
HEC_01TS80_03_20220609,HEC,24.269514278728124,1.3572582245200895,Experimental,78.39221466723725,0.2160778533276274,,HEC,1001.5,0.02423316453193023
HEB_01TS55_03_20220607,HEB,72.88208588653113,5.342083544336906,Experimental,56.43700849077295,0.43562991509227045,,HEB,,
BMC_02TS65_03_20220221,BMC,213.38360662076695,8.534896992663652,Experimental,55.68339500462536,0.4431660499537464,,BMC,,
T20_01TS70_01_20211129,T20,83.64862868286562,4.108682384947351,Experimental,66.98127130257564,0.3301872869742436,,HTB,1291.4,0.0647736012721586
M12_01TS85_01_20220607,M12,16.420982214304495,1.3136482255794673,Experimental,86.09218874218641,0.13907811257813596,,M12,,
ERB_01TS70_02_20220221,ERB,54.92243335003858,3.4834612370186346,Experimental,65.63377337076639,0.3436622662923361,,ERB,,
HEC_01TS70_03_20220609,HEC,68.21085535020192,3.57264940871938,Experimental,54.104258792576054,0.45895741207423946,,HEC,1001.5,0.06810869231173432
DFT_01TS85_01_20220303,DFT,60.307136045173266,2.3688704256022093,Experimental,75.51604597304336,0.24483954026956634,,DFT,,
WHT_01TS85_03_20220303,WHT,52.731897372534775,1.2743696121818444,Experimental,79.41894919418951,0.20581050805810497,,HEC,1001.5,0.05265291799554146
HTC_01TS70_03_20220609,HTC,141.8463399574239,4.81768961520659,Experimental,63.54611765721436,0.3645388234278564,,HTC,,
HTB_01TS60_03_20220609,HTB,110.70539278066535,5.15197856873931,Experimental,64.70709753578278,0.35292902464217224,,HTB,1291.4,0.08572509894739457
GPR_02TS75_02_20220211,GPR,144.24698428597526,5.495369584141974,Experimental,66.6929755327545,0.33307024467245494,,GPR,1916.9,0.07525013526317244
BMA_02TS60_03_20220216,BMA,284.5823059113155,12.40955557733433,Experimental,54.74684494577103,0.45253155054228966,,GPR,1916.9,0.14845965147441986
HEB_01TS65_01_20220607,HEB,41.28586872123883,2.910130098688377,Experimental,68.41181815333519,0.3158818184666481,,HEB,,
HTB_01TS55_02_20220609,HTB,132.9287489759337,6.122648760823267,Experimental,62.09532241404753,0.37904677585952473,,HTB,1291.4,0.10293383070770767
ERB_01TS60_02_20220221,ERB,104.68336443231333,5.6593669795734245,Experimental,56.897736097007346,0.43102263902992655,,ERB,,
T20_02TS75_03_20220215,T20,96.90855052845569,3.655449515297722,Experimental,69.52809304613655,0.3047190695386345,,HTB,1291.4,0.07504146703457928
DFT_01TS60_02_20220303,DFT,180.18476825238864,7.044273270184459,Experimental,52.955307182209175,0.47044692817790823,,DFT,,
T15_01TS55_02_20220303,T15,148.41936688778105,7.780429642296606,Experimental,49.11058754233544,0.5088941245766456,,T15,,
RGD_02TS75_03_20220215,RGD,229.36428535962406,2.8939454173484362,Experimental,68.66627913661713,0.31333720863382863,,RGD,,
BMA_02TS80_02_20220216,BMA,119.06950106758629,3.7499035098785747,Experimental,73.29635261262786,0.2670364738737214,,GPR,1916.9,0.062115656042352904
T15_01TS55_01_20220303,T15,158.48380730792212,7.771970866193832,Experimental,48.50979237225742,0.5149020762774258,,T15,,
HIC_01TS85_03_20220609,HIC,15.3451363830719,0.782997573334789,Experimental,88.60648148148151,0.11393518518518486,,HIC,873.9,0.01755937336431159
M13_01TS85_02_20220221,M13,56.2200997323864,2.603402324494496,Experimental,71.7769772244246,0.282230227755754,,M13,,
EGS_01TS60_03_20220301,EGS,37.42771249235902,4.461561595581031,Experimental,53.449092826681756,0.46550907173318246,,EGS,,
BMC_02TS65_02_20220221,BMC,212.34218024734184,9.778054832744955,Experimental,55.01561054579091,0.44984389454209084,,BMC,,
WHT_01TS60_03_20220303,WHT,291.10666660271,8.122360312660732,Experimental,56.3937269639373,0.43606273036062704,,HEC,1001.5,0.2906706606117923
HIG_01TS75_02_20220609,HIG,80.81839900796912,4.263476800355794,Experimental,60.35444500174793,0.39645554998252064,,HIG,,
BMA_01TS55_01_20211122,BMA,350.75915847730136,14.835897811771337,Experimental,47.949453615311334,0.5205054638468867,,GPR,1916.9,0.18298250220528006
M13_01TS65_01_20220221,M13,197.04293443394664,8.868732624011503,Experimental,50.12993081410245,0.4987006918589755,,M13,,
HEB_01TS85_03_20220609,HEB,21.476264610372564,1.124062209441484,Experimental,92.58702258984238,0.07412977410157628,,HEB,,
EGS_01TS75_02_20220301,EGS,11.975631639826359,2.071980282490216,Experimental,66.618773214313,0.33381226785687,,EGS,,
M12_01TS85_03_20220609,M12,7.632416849653335,0.8782331439326712,Experimental,90.90427273152407,0.09095727268475928,,M12,,
DUR_02TS65_03_20220215,DUR,67.96557626028586,4.530889938228426,Experimental,62.98682997798648,0.3701317002201352,,DUR,,
HTC_01TS85_03_20220609,HTC,16.327016964884535,0.8615297729677556,Experimental,89.25288100479086,0.10747118995209137,,HTC,,
BMA_02TS75_03_20220216,BMA,183.51322790182897,4.807276157016007,Experimental,68.44809277210724,0.3155190722789275,,GPR,1916.9,0.09573437732893159
HTB_01TS60_01_20220609,HTB,120.1105517531995,5.347987526126136,Experimental,62.94082927549064,0.3705917072450936,,HTB,1291.4,0.09300801591544021
BMC_02TS55_02_20220221,BMC,217.89655132834665,11.577891776230649,Experimental,44.534863552266415,0.5546513644773359,,BMC,,
WHT_01TS70_02_20220303,WHT,209.31498315400515,5.339364690565957,Experimental,61.70557201705573,0.3829442798294427,,HEC,1001.5,0.20900148093260623
M13_01TS75_02_20220221,M13,134.88116682740838,6.017133165261253,Experimental,59.6943159037125,0.403056840962875,,M13,,
HEC_01TS80_01_20220608,HEC,28.795093127148824,1.895558216424577,Experimental,65.88211053524165,0.34117889464758344,,HEC,1001.5,0.028751965179379755
HEC_01TS80_02_20220608,HEC,31.481938139251906,2.072533983158936,Experimental,70.66552549411188,0.2933447450588812,,HEC,1001.5,0.03143478596031144
HEC_01TS55_01_20220608,HEC,241.7413471441012,9.998564774887791,Experimental,23.140443472334482,0.7685955652766552,,HEC,1001.5,0.24137927822676106
M13_01TS80_01_20220221,M13,107.96900588894381,4.778205792569895,Experimental,62.86420571876457,0.37135794281235424,,M13,,
M12_01TS75_03_20220609,M12,52.61043102162078,3.326151962822458,Experimental,67.0262349768515,0.32973765023148505,,M12,,
HTC_01TS65_01_20220607,HTC,220.9596537743267,7.68062698560304,Experimental,48.249816565238014,0.5175018343476199,,HTC,,
HTC_01TS80_02_20220607,HTC,42.133987497764565,1.641182813474302,Experimental,76.36928654667874,0.23630713453321261,,HTC,,
HIG_01TS85_02_20220609,HIG,6.364452074862202,0.28882852986095686,Experimental,85.80244098916299,0.14197559010837013,,HIG,,
T20_01TS60_01_20211129,T20,148.32257480150633,6.435252723839096,Experimental,58.98239572718648,0.41017604272813524,,HTB,1291.4,0.11485409230409348
BMA_02TS85_03_20220216,BMA,78.4860128257952,2.417551561734607,Experimental,76.51487645946,0.23485123540539998,,GPR,1916.9,0.04094423956690239
T20_01TS80_01_20211129,T20,54.278030493968934,2.482043658239027,Experimental,78.63171580167962,0.21368284198320386,,HTB,1291.4,0.042030378266973
BMC_01TS80_01_20220211,BMC,94.21886872807328,3.3336879044773764,Experimental,73.05677044991987,0.2694322955008013,,BMC,,
M12_01TS65_03_20220609,M12,100.13758857252134,5.189570850592529,Experimental,47.97431061090241,0.520256893890976,,M12,,
M12_01TS55_02_20220607,M12,107.16477811874246,5.9702240331695355,Experimental,37.583202132468706,0.6241679786753129,,M12,,
WHT_01TS70_01_20220303,WHT,209.79636967821637,6.096231410497435,Experimental,61.31965021319652,0.3868034978680348,,HEC,1001.5,0.20948214645852858
T15_01TS60_02_20220303,T15,125.83122917261036,6.034210459570064,Experimental,54.380798115152395,0.45619201884847604,,T15,,
RGD_01TS80_01_20211122,RGD,146.45100951918553,2.4431040920588605,Experimental,73.21571157543741,0.26784288424562586,,RGD,,
,GPR,217.85330034320373,6.903424056189639,FEA,,0.44999999999999996,55.0,GPR,1916.9,0.11364875598268231
,HTB,147.85074626865674,3.768217734855136,FEA,,0.44999999999999996,55.0,HTB,1291.4,0.11448873026843481
,HEC,113.22451911565167,3.3525021949078138,FEA,,0.44999999999999996,55.0,HEC,1001.5,0.1130549367105858
,HIC,99.59855136084282,2.435469710272168,FEA,,0.44999999999999996,55.0,HIC,873.9,0.11397019265458613
,GPR,138.86982201293,4.411764705882352,FEA,,0.30000000000000004,70.0,GPR,1916.9,0.0724450007892587
,HTB,93.25564689919386,2.1817383669885864,FEA,,0.30000000000000004,70.0,HTB,1291.4,0.07221282863496505
,HEC,72.47585601404741,2.019315188762072,FEA,,0.30000000000000004,70.0,HEC,1001.5,0.07236730505646272
,HIC,64.90969522137212,1.3959613696224757,FEA,,0.30000000000000004,70.0,HIC,873.9,0.0742758842217326
,GRP,68.16785058663899,2.0105355575065844,FEA,,0.15000000000000002,85.0,GRP,,
,HTB,45.867587197701326,1.0491659350307287,FEA,,0.15000000000000002,85.0,HTB,1291.4,0.035517722779697475
,HEC,35.477691755128106,0.8516242317822651,FEA,,0.15000000000000002,85.0,HEC,1001.5,0.03542455492274399
,HIC,31.857519127053802,0.6716417910447761,FEA,,0.15000000000000002,85.0,HIC,873.9,0.03645442170391784
